"id","name","category_id","ref","property_payment_term","credit_limit","is_company","customer","supplier","parent_id/id","type","use_parent_address","street","street2","zip","country_id","phone","mobile","fax","email","website","comment","user_id"
"res_partner_supplier_n_1","Buhler Technologies GmbH","Oversea",,,,"TRUE","FALSE","TRUE",,"Default","FALSE","Harkorststrasse 29"," Ratingen, 40880","40880","Germany","+49(0)21 02 /49 89 32",,"+49(0) 21 02 /",,,,
"res_partner_supplier_n_2","Choice Analytical Pty Ltd.","Oversea",,,,"TRUE","FALSE","TRUE",,"Default","FALSE","PO Box 28, Thornleigh NSW","  2120","2120","Australia",,,"+61 2 9980 6344",,,,
"res_partner_supplier_n_3","C.V. AUTTECH S.C.","Oversea",,"30 Days",,"TRUE","FALSE","TRUE",,"Default","FALSE","Noorderlaan 125","B-2030 Antwerpen, ",,"Belgium",,,,,,,
"res_partner_supplier_n_4","M&C TechGroup Germany GmbH","Oversea",,"45 Days",,"TRUE","FALSE","TRUE",,"Default","FALSE","Geschaftsfuhrer Olaf Sommer","Rehhecke 79, Ratingen 40885","40885","Netherlands","+49 2102 935-0",,"+49 2102 935-111",,,,
"res_partner_supplier_n_5","Testa GmbH Kathi - Kobus-Strasse","Oversea",,,,"TRUE","FALSE","TRUE",,"Default","FALSE","15 D - 80797 Monchen","Deutschland  ",,"Netherlands","+49 89 1293005",,"+ 49 89 1298835",,,,
"res_partner_supplier_n_6","Charles Austen Pumps Ltd.","Oversea",,,,"TRUE","FALSE","TRUE",,"Default","FALSE","Royston Rd., Byfleet Surrey"," NY KT14 7","KT14 7","United Kingdom",,,,,,,
"res_partner_supplier_n_7","Headline Filters Ltd.","Oversea",,"30 Days",,"TRUE","FALSE","TRUE",,"Default","FALSE","Headline House, Mill Hall Business","Aylessfford, Kent ME20 7JZ ",,"United Kingdom","001-44-1622 718 927",,"001-44-1622",,,,
"res_partner_supplier_n_8","EM-Technik Gmbh","Oversea",,"30 Days",,"TRUE","FALSE","TRUE",,"Default","FALSE","Industriestra Be2 D-67133","Maxdorf  ",,"Germany","49(0)6237/4070",,,,,,
"res_partner_supplier_n_9","PLG Materials Pte Ltd.","Oversea",,,,"TRUE","FALSE","TRUE",,"Default","FALSE","No.63 Jalan Pemimpin #05-01","Pemimpin Industrial Building  577219","577219","Singapore","(65)-6251 1315/1514",,,,,,
"res_partner_supplier_n_10","Precision Control PTE Ltd.","Oversea",,,,"TRUE","FALSE","TRUE",,"Default","FALSE","62, Burn Rd. #02-01 TSH Centre","  369976","369976","Singapore",,,,,,,
"res_partner_supplier_n_11","CoreRock Inc.","Oversea",,,,"TRUE","FALSE","TRUE",,"Default","FALSE","No.15. Lane 3, RuiAn St., Taipei,","  10665","10665","Taiwan","+8862-2707-3919",,"02-2707-1323",,,,
"res_partner_supplier_n_12","A.L.T Inter Corporation Co.,Ltd","Domestic",,,,"TRUE","FALSE","TRUE",,"Default","FALSE","52/1 Moo.5, Bangkruay-Sainoi Rd, Bangsithong","Banghruay Nonthaburi 111300","111300","Thailand","02-8638983/087-5005075",,"02-8863084",,,,
"res_partner_supplier_n_13","Air Liquide (Thailand) Limited","Domestic",,,,"TRUE","FALSE","TRUE",,"Default","FALSE","14/F Vorawat Building, Unit 1401-1402,849 Silom Rd","Bangrak, Bangkok 10500","10500","Thailand","02-635-1600",,"02-635-1601",,,,
"res_partner_supplier_n_14","AWJ Innovation Co.,ltd.","Domestic",,"30 Days",,"TRUE","FALSE","TRUE",,"Default","FALSE","2/29 Soi Trokwatladbuakhao, Bangkorlaem,","Bangkorlaem, Bangkok 10210","10210","Thailand","081-9178991",,,,,,
"res_partner_supplier_n_15","Bangkok Industrial Gas Co., Ltd.","Domestic",,,,"TRUE","FALSE","TRUE",,"Default","FALSE","11th Floor, Rajanakarn Bldg.,183 South Sathorn Rd.","Yannawa, Sathorn, Bangkok 10120","10210","Thailand","02-685-678902-685-6790",,,,,,
"res_partner_supplier_n_16","Bara Scientific Co.,Ltd","Domestic",,"30 Days",,"TRUE","FALSE","TRUE",,"Default","FALSE","U Chu Liang Building 968 Rama 4 Rd","Silom Bangrak Bangkok 10500","10500","Thailand","038-624150-1  038-624149",,,,,,
"res_partner_supplier_n_17","EBM-Papst(Thailand) Co.,Ltd","Domestic",,,,"TRUE","FALSE","TRUE",,"Default","FALSE","99/9 Moo2,CentralChaengwattana Tower,14th room140",",Chaengwattana Rd,Bangtarad,Pakkret,Nonthaburi Bangkok 13300","13300","Thailand","02-8353785-7",,"02-8353788",,,,
"res_partner_supplier_n_18","Ecosoft Co,.ltd.","Domestic",,"30 Days",,"TRUE","FALSE","TRUE",,"Default","FALSE","427/1 Sathupradit Rd., Chongnonsi, Yanawa,"," Bangkok 10120","10120","Thailand","081-841-7480",,,,,,
"res_partner_supplier_n_19","Elec2rak Shop Online","Domestic",,,,"TRUE","FALSE","TRUE",,"Default","FALSE","50/46 หมู่5บางคูรัด บางบัวทอง"," Bangkok 11110","11110","Thailand","086-3731064,087-5641083",,,,,,
"res_partner_supplier_n_20","Entech Associate Co.,Ltd.","Domestic",,"30 Days",,"TRUE","FALSE","TRUE",,"Default","FALSE","17/121 Chinnaket 2/46, Ngamwongwan Rd.","Toongsonghong, Laksi, Bangkok 10210","10210","Thailand","02-831-6666",,"02-831-6667",,,,
"res_partner_supplier_n_21","Exion Thailand Company Limited","Domestic",,,,"TRUE","FALSE","TRUE",,"Default","FALSE","118, PSB Building, 4th Floor, Vibhavadi-Rangsit Rd","Jompol, Chatuchak Bangkok 10210","10210","Thailand","038-034468-9",,"038-034-470",,,,
"res_partner_supplier_n_22","Fuji Electric (Thailand) Co.,Ltd.","Domestic",,"7 Days",,"TRUE","FALSE","TRUE",,"Default","FALSE","889 Thai CC Tower, 11th FL, Room No.114-6, South","Sathorn Rd,Yanawa, Sathorn Bangkok 10210","10210","Thailand","02-210-0615-6,",,"02-675-6641",,,,
"res_partner_supplier_n_23","Fuji Electric Technology Co.,Ltd","Domestic",,"7 Days",,"TRUE","FALSE","TRUE",,"Default","FALSE","889 Thai CC Tower, 11th F1.,Room No.114-6","South Sathorn Road Yannawa, Sathorn, Bangkok 10500","10500","Thailand","02-210-0615, 02-210-0639-40",,"02-675-6641",,,,
"res_partner_supplier_n_24","GENERAL VACUUM & FLOW Co.,Ltd.","Domestic",,,,"TRUE","FALSE","TRUE",,"Default","FALSE","7/8 Moo 2, T.Tha-it,","A.Pakkred, Nonthaburi Bangkok 11120","11120","Thailand","02-924-5770(Auto)   Hotline: 081-823-0023",,,,,,
"res_partner_supplier_n_25","Goldern Filtech Corporation Ltd.","Domestic",,"30 Days",,"TRUE","FALSE","TRUE",,"Default","FALSE","26 Soi Onnut59,","Prawet Bangkok 10250","10250","Thailand","02-3200961-3",,"02-3225472",,,,
"res_partner_supplier_n_26","Green Industry Services Co.,Ltd","Domestic",,,,"TRUE","FALSE","TRUE",,"Default","FALSE","346 Soi Khumsupnakorn, Moo 12, Puttamonthon 3 Road","Khaeng Salathammasop, Khet Taveewattana Bangkok ",,"Thailand","02-8880202",,"02-8880203",,,,
"res_partner_supplier_n_27","Hyperwave International (Thailand) Co., Ltd.","Domestic",,,,"TRUE","FALSE","TRUE",,"Default","FALSE","99/33 หมู่ 5 ถนนสรงประภา ","แขวงสีกัน เขตดอนเมือง Bangkok 10210","10210","Thailand","0-2524-4421",,"0-2524-4420",,,,
"res_partner_supplier_n_28","IPSH SDN. BHD.","Oversea",,,,"TRUE","FALSE","TRUE",,"Default","FALSE","No.8, Jalan PJU 3/46, Sunway Damansara Technology","Park,47810 Petaling Jaya Selangor ",,"Malaysia","603-78039260",,,,,,
"res_partner_supplier_n_29","M.J.BANGKOK VALVE & FITTING CO.,LTD","Domestic",,,,"TRUE","FALSE","TRUE",,"Default","FALSE","1126/1 Vanit Building , 16th floor","New Petchburi Rd. Makasan Rachatavee  Bangkok 10330","10330","Thailand","02-254-7624,038-608303",,"038-608-499",,,,
"res_partner_supplier_n_30","MFET Co.,Ltd","Domestic",,,,"TRUE","FALSE","TRUE",,"Default","FALSE","80/324 Moo 4 Soi 3, Bankluay-Salnoy Rd,","Pimolratch, Bangbua-Thong, Nonthaburi 11110","11110","Thailand","02-9525863",,"02-9525908",,,,
"res_partner_supplier_n_31","NBfixshop","Domestic",,,,"TRUE","FALSE","TRUE",,"Default","FALSE","ห้างซีคอนสแควร์ Zone Computer ห้อง iTB 055 ชั้น B1","Prawet Bangkok 10250","10250","Thailand",,,,,,,
"res_partner_supplier_n_32","Prochem (Thai) Co.,ltd.","Domestic",,,,"TRUE","FALSE","TRUE",,"Default","FALSE","5/8 Moo 4, Soi Ramintra 15, Ramintra Rd.","Anusaowaree, Bangkhen Bangkok 10220","10220","Thailand","02-970-6574",,"02-970-6580",,,,
"res_partner_supplier_n_33","Prolific Heating International Co.,Ltd","Domestic",,,,"TRUE","FALSE","TRUE",,"Default","FALSE","93/10-11 Moo 14, Kingkaew Rd.","T.Rachathava, A.Bangplee Samutprakarn 10540","10540","Thailand","081-2551199",,,,,,
"res_partner_supplier_n_34","ROJANAPAT ENGINEERING CO.,LTD","Domestic",,"30 Days",,"TRUE","FALSE","TRUE",,"Default","FALSE","26/354-355 MU18, PHAHOLYOTHIN,KLONG NUENG,","KLONG LUANG, Pathumthani 10120","10120","Thailand","02-9081928",,,,,,
"res_partner_supplier_n_35","RS Components Co.,Ltd","Domestic",,,,"TRUE","FALSE","TRUE",,"Default","FALSE","209/1 KTower B,18th Floor,Unit 1-2,Sukhumvit 21 Rd","(Asoke),Klongtoey Nue,Wattana Bangkok 10110","10110","Thailand","02-6486868",,,,,,
"res_partner_supplier_n_36","SHIPSHAPE SEA STORE CO.,LTD","Domestic",,,,"TRUE","FALSE","TRUE",,"Default","FALSE","131 Soi Rama 2, Soi 20 Yak 2, Bangmod,","Jhomthong Bangkok 10150","10150","Thailand","Tel : 02-877-1141, 02-468-6907",,"02-4766567",,,,
"res_partner_supplier_n_37","Siam RTD.P. Heater Supply Ltd., Partnership","Domestic",,,,"TRUE","FALSE","TRUE",,"Default","FALSE","54/24 Moo 1","Tumbon Rangsit, Thayaburi, Phathumtani 12110","12110","Thailand","02-9025110, 081-6478673",,"02-9025184",,,,
"res_partner_supplier_n_38","Tame Tech International Co.,Ltd.","Domestic",,,,"TRUE","FALSE","TRUE",,"Default","FALSE","19/5 Wat-Kodhin - Kaopai Rd.","T.Tapma A. Muangrayong Rayong 21000","21000","Thailand","038-872-091-2",,"038-872-090",,,,
"res_partner_supplier_n_39","Thai Industrial Gases Public Company Limited","Domestic",,,,"TRUE","FALSE","TRUE",,"Default","FALSE","15th Floor,Bangna Tower,2/3 Moo 14 Bangna-Trad Rd.","(Km. 6.5) T.BangKaew,A Bangplee Samutprakarn 10540","10540","Thailand","02-338-0800",,"02-338-0888",,,,
"res_partner_supplier_n_40","Thai Technic Electric Co.,Ltd.","Domestic",,"30 Days",,"TRUE","FALSE","TRUE",,"Default","FALSE","280/7-8 Suksaward Road,","Phrapradang Samutprakarn 10130","10130","Thailand","02-817-0572",,"02-817-0577",,,,
"res_partner_supplier_n_41","TNT Express Worldwide (Thailand) Co., Ltd.","Domestic",,,,"TRUE","FALSE","TRUE",,"Default","FALSE","1768 Thai Summit Tower, New Petchburi Road,","Bangkapi, Huaykwang Bangkok 10320","10320","Thailand","66-2-257-6555",,"66 2 257-6597",,,,
"res_partner_supplier_n_42","Yokogawa (Thailand) Limited","Domestic",,"30 Days",,"TRUE","FALSE","TRUE",,"Default","FALSE","267/67-71 Sukuhmvit Rd.,","T.Maptaphut A.Muangpryong Rayong 21150","21150","Thailand","038-607-160-3",,"038-607-164",,,,
"res_partner_supplier_n_43","Advanced Instruments Inc.","Oversea",,"30 Days",,"TRUE","FALSE","TRUE",,"Default","FALSE","2855 Metropolitan Place,","Pomona, CA 91767","91767","United States","001-1-909 392 6900",,"001-1-909 392 3665","gavin@aii1.com",,,
"res_partner_supplier_n_44","AFC International Inc","Oversea",,,,"TRUE","FALSE","TRUE",,"Default","FALSE","PO Box 894 715C SW","Almond St, DeMotte, IN 46310","46310","United States",,,,,,,
"res_partner_supplier_n_45","Air Dimensions Incorporated","Oversea",,"30 Days",,"TRUE","FALSE","TRUE",,"Default","FALSE","1371 West Newport Center Dr. Suite 101","Deerfield Beach, FL 33442-7700","33442-7700","United States","(954) 428-7333, (800) 423-6464",,"(954) 360-0987",,,,
"res_partner_supplier_n_46","Collins Products Co., Inc","Oversea",,,,"TRUE","FALSE","TRUE",,"Default","FALSE","P.O. Box 382 Livingston,"," TX 77351-0382","77351-0382","United States","936-327-4200",,,,,,
"res_partner_supplier_n_47","DEKORON/UNITHERM","Oversea",,"30 Days",,"TRUE","FALSE","TRUE",,"Default","FALSE","1531 COMMERCE CREEK BLVD CAPE CORAL,"," FL 33909","33909","United States",,,,,,,
"res_partner_supplier_n_48","SKS Bottle & Packing Inc.","Oversea",,,,"TRUE","FALSE","TRUE",,"Default","FALSE","2500 7th Avenue,","Building 60 West,Watervilet NY 12189","12189","United States",". +1-518-880-6980",,"+1-518-8809-6990",,,,
"res_partner_supplier_n_49","TRIGON TECHNOLOGIES","Oversea",,"30 Days",,"TRUE","FALSE","TRUE",,"Default","FALSE","4260 BUSINESS DR,","SHINGLE SPRINGS CA 95682","95682","United States",,,,,,,
"res_partner_supplier_n_50","Universal Analyzers Inc.","Oversea",,,,"TRUE","FALSE","TRUE",,"Default","FALSE","5200 Convair Dr,","Carson City, NV 89706","89706","United States","(800) 993-9309, (775) 883-2500",,"(775) 883-6388",,,,
"res_partner_supplier_n_51","Advance Permanent Co.,Ltd.","Domestic",,"45 Days",,"TRUE","FALSE","TRUE",,"Default","FALSE","77/562 หมู่ 12 ถ.รามอินทรา","แขวงลาดพร้าว เขตลาดพร้าว กรุงเทพฯ 12050","12050","Thailand","02-907-2133-4",,"02-907-2189",,,,
"res_partner_supplier_n_52","Industrial Electrical Co.,ltd.","Domestic",,"30 Days",,"TRUE","FALSE","TRUE",,"Default","FALSE","85/2-3 ซอยสดพิณสรร ถ.รางน้ำ","แขวงถนนพญาไท เขตราชเทวี10400 กรุงเทพฯ 10400","10400","Thailand","02-642-6700",,"02-642-4250",,,,
"res_partner_supplier_n_53","ITS (Thailand) Co.,Ltd","Domestic",,,,"TRUE","FALSE","TRUE",,"Default","FALSE","47/1,49/1 ซอยปรียานุช ถนนพระราม9","แขวงบางกะปิ เขตห้วงขวาง กรุงเทพฯ 10310","10310","Thailand","02-369-1793",,"02-369-1794",,,,
"res_partner_supplier_n_54","PR Pressing","Domestic",,,,"TRUE","FALSE","TRUE",,"Default","FALSE","ชั้น 3 ศูนย์การค้าแหลมทอง","อ.เมืองระยอง  ระยอง 21000","21000","Thailand","089-5456-132",,,,,,
"res_partner_supplier_n_55","T.S.K. CRANE SERVICE CO.,LTD","Domestic",,,,"TRUE","FALSE","TRUE",,"Default","FALSE","583 ถนนพระรามที่2","แขวงบางมด เขตจอมทอง กรุงเทพฯ 10150","10150","Thailand","038-681495",,"038-681327",,,,
"res_partner_supplier_n_56","Thai Dry Ice","Domestic",,"30 Days",,"TRUE","FALSE","TRUE",,"Default","FALSE","982 ซอยอ่อนนุช 17","แขวงสวนหลวง เขตสวนหลวง กรุงเทพฯ 10250","10250","Thailand","02-3142347",,"02-3142348",,,,
"res_partner_supplier_n_57","Thai Polymer Supply Co.,Ltd","Domestic",,"30 Days",,"TRUE","FALSE","TRUE",,"Default","FALSE","267/196 เมืองใหม่มาบตาพุด ","ต.มาบตาพุด อ.เมือง  ระยอง 21000","21000","Thailand","038-608925-7",,"038-608928",,,,
"res_partner_supplier_n_58","Yong Hong Engineering Co.,Ltd","Domestic",,"30 Days",,"TRUE","FALSE","TRUE",,"Default","FALSE","92-94-96-98 ซ.เวิ้งนครเกษม ถ.เจริญกรุง","แขวงสัมพันธวงศ์ เขตสัมพันธวงศ์ กรุงเทพฯ 10100","10100","Thailand","02-6183000",,"02-6182000",,,,
"res_partner_supplier_n_59","กรมศุลกากร","Domestic",,,,"TRUE","FALSE","TRUE",,"Default","FALSE","ถนนสุนทรโกษา","เขตคลองเตย กรุงเทพฯ 10110","10110","Thailand",,,,,,,
"res_partner_supplier_n_60","กรุงทองนาฬิกา","Oversea",,,,"TRUE","FALSE","TRUE",,"Default","FALSE","142/14 ถ.ทุ่งชายกระต่าย "," ระยอง 21000","21000","Thailand","038-611876",,,,,,
"res_partner_supplier_n_61","คลินิคปริ้นเตอร์ แอนด์ ดี-อิงค์","Domestic",,"30 Days",,"TRUE","FALSE","TRUE",,"Default","FALSE","115 ห้องเลขที่ 1335, 1337 ซอยศูนย์การค้าสาย 5 ถ.สุขุมวิท","ต.เชิงเนิน อ.เมืองระยอง ระยอง 21000","21000","Thailand","038-860490",,"038-860490",,,,
"res_partner_supplier_n_62","C.S.K Part Supply","Domestic",,,,"TRUE","FALSE","TRUE",,"Default","FALSE","90/37 หมู่ 4","ต.บางกระทึก อ.สามพราน  นครปฐม ",,"Thailand","02-482-2208",,"02-482-2207",,,,
"res_partner_supplier_n_63","Chaipitakknitting Co.,Ltd","Domestic",,,,"TRUE","FALSE","TRUE",,"Default","FALSE","34/7 Moo.4 Baanmai  Bangyai","Nonthaburi Nonthaburi 11140","11140","Thailand","02-4407858-9",,"02-4497877",,,,
"res_partner_supplier_n_64","Chemoscicence(Thailand)Co.,Ltd","Domestic",,"30 Days",,"TRUE","FALSE","TRUE",,"Default","FALSE","1244 Pattanakarn Rd,","Suanluang Bangkok 10250","10250",,"02-7175091-5",,"02-7137330",,,,
"res_partner_supplier_n_65","Contrologic Co.,Ltd","Domestic",,"30 Days",,"TRUE","FALSE","TRUE",,"Default","FALSE","343,345,347 Sai Pattanakarn3, Pattanakarn Rd,","Suanluang, Bangkok 10250","10250",,"02-7198398,02-3187499",,"02-7198396",,,,
"res_partner_supplier_n_66","GasTech Australia","Oversea",,"45 Days",,"TRUE","FALSE","TRUE",,"Default","FALSE","24 Baretta Road,","Wangara WA 6065","6065","Australia",,,,,,,
"res_partner_supplier_n_67","Metro Stone Co.,Ltd.","Domestic",,,,"TRUE","FALSE","TRUE",,"Default","FALSE","85/2 Hi-way No.36","Tapma, Mueang, Rayoung  21000","21000",,"038-626-081-2",,"038-680-556-7",,,,
"res_partner_supplier_n_68","Prodigy Science Instruments Co.,Ltd.","Oversea",,,,"TRUE","FALSE","TRUE",,"Default","FALSE","807/194 Moo 8,","Kukot, Lumlukka Phathumthani 12130","12130","Thailand","02-532-3606-7",,"02-532-3656",,,,
"res_partner_supplier_n_69","Somchai  Jantharasena","Domestic",,,,"TRUE","FALSE","TRUE",,"Default","FALSE",,"  ",,,"085-389-0793",,,,,,
"res_partner_supplier_n_70","U Protect Company Limited","Domestic",,,,"TRUE","FALSE","TRUE",,"Default","FALSE","No.5, Soi Suprapong 3 Yak4, Srinakarin Rd., Nhongb","Nhongbon, Praweth Bangkok 10250","10250","Thailand","(02) 743-3998",,,,,,
"res_partner_supplier_n_71","WIKA Instrumentation Corporation (Thailand)Co.,Ltd","Domestic",,"30 Days",,"TRUE","FALSE","TRUE",,"Default","FALSE","850/7 Ladkrabang Road,","Ladkrabang, Ladkrabang Bangkok 10520","10520","Thailand","02-3266876-80",,,,,,
"res_partner_supplier_n_72","เจริญนครเวลดิ้ง (พุทธมณฑลสาย 5)","Domestic",,"45 Days",,"TRUE","FALSE","TRUE",,"Default","FALSE","111 หมู่ 11 ถ. พุทธมณฑลสาย 5","ต.ไร่ขิง อ.สามพราน นครปฐม 73210","73210","Thailand","02-431-2211 02-420-5919",,"02-420-5917",,,,
"res_partner_supplier_n_73","นางขนิษฐา  คุ้มสุวรรณ","Domestic",,,,"TRUE","FALSE","TRUE",,"Default","FALSE","57/7/ ม.5 ต.สำนักท้อน","อ.บ้านฉาง จ.ระยอง ระยอง ",,"Thailand",,,,,,,
"res_partner_supplier_n_74","บริษัท กิบไทย จำกัด","Domestic",,,,"TRUE","FALSE","TRUE",,"Default","FALSE","44/6 ถนนสุทธิสารวินิจฉัย","แขวงสามเสนนอก เขตห้วยขวาง กรุงเทพฯ 10320","10320","Thailand","02-274-8331-3, 02-274-7480",,,,,,
"res_partner_supplier_n_75","บริษัท เกรียงไทยวัฒนากรุ๊ป จำกัด (สาขา 1)","Domestic",,,,"TRUE","FALSE","TRUE",,"Default","FALSE","634 ถนนพระรามที่ 2  ","แขวงบางมด เขตจอมทอง กรุงเทพฯ 10150","10150","Thailand","02-8117410-2",,,,,,
"res_partner_supplier_n_76","บริษัท โกลเด้นสตีล จำกัด","Domestic",,,,"TRUE","FALSE","TRUE",,"Default","FALSE","219/3 หมู่5 ถ.สุขุมวิท ","ต.เนินพระ อ.เมือง ระยอง 21150","21150","Thailand","038-967286, 038-967287",,"038-967288",,,,
"res_partner_supplier_n_77","บริษัท คอมบิน่า คอร์ปอเรชั่น จำกัด","Domestic",,"30 Days",,"TRUE","FALSE","TRUE",,"Default","FALSE","49/5 ซอยสุขุมวิท64 ถนนสุขุมวิท ","แขวงบางจาก เขตพระโขนง กรุงเทพฯ 10260","10260","Thailand","คุณอมร",,,,,,
"res_partner_supplier_n_78","บริษัท คิงส์ ออฟ วาล์ว (ระยอง) จำกัด","Domestic",,,,"TRUE","FALSE","TRUE",,"Default","FALSE","267/129-130 ถนนสุขุมวิท ","ต.มาบตาพุด อ.เมือง ระยอง 21150","21150","Thailand","038-609285-6/",,"038-609287",,,,
"res_partner_supplier_n_79","บริษัท คิเนติค เอ็นจิเนียริ่ง จำกัด","Domestic",,"30 Days",,"TRUE","FALSE","TRUE",,"Default","FALSE","2 ซอยประชาอุทิศ 56 ถนนประชาอุทิศ","แขวงทุ่งครุ เขตทุ่งครุ กรุงเทพฯ 10140","10140","Thailand","02-873-5550-1, 873-5553",,,,,,
"res_partner_supplier_n_80","บริษัท คิวเทค เทคโนโลยี จำกัด","Domestic",,"7 Days",,"TRUE","FALSE","TRUE",,"Default","FALSE","457 ถนนบอนด์สตรีทม ","ตำบลบางพูด อำเภอปากเกร็ดม นนทบุรี 11120","11120","Thailand","02-583-8300",,"02-583-9111-2",,,,
"res_partner_supplier_n_81","บริษัท เคม เทคโนโลยี จำกัด","Domestic",,"30 Days",,"TRUE","FALSE","TRUE",,"Default","FALSE","29/9 หมู่ที่7 ","ตำบลบึงคำพร้อย อำเภอลำลูกกา ปทุมธานี 12150","12150","Thailand","0-2149-2438-9",,"0-2149-2437",,,,
"res_partner_supplier_n_82","บริษัท เคโมไซเอนซ์ (Thailand) จำกัด","Domestic",,"30 Days",,"TRUE","FALSE","TRUE",,"Default","FALSE","1244 ถ.พัฒนาการ ","แขวงสวนหลวง เขตสวนหลวง กรุงเทพฯ 10250","10250","Thailand","02-717-5091-5",,"02-713-7330",,,,
"res_partner_supplier_n_83","บริษัท แคลิเบรชั่น แลบอราทอรี จำกัด","Domestic",,"30 Days",,"TRUE","FALSE","TRUE",,"Default","FALSE","2/10-11,55 ซ.ประเสริฐมนูกิจ 29 แยก 4","ถ.ประเสริฐมนูกิจ ลาดพร้าว เขตลาดพร้าว กรุงเทพฯ 10230","10230","Thailand","02-578-0353-4",,"02-578-2672",,,,
"res_partner_supplier_n_84","บริษัท โคโบล์ด เมสชัวเมนท์ส จำกัด","Domestic",,,,"TRUE","FALSE","TRUE",,"Default","FALSE","76/29 ม.1 ถ.ติวานนท์","ต.บ้านใหม่ อ.ปากเกร็ด นนทบุรี 11120","11120","Thailand","02-961-4242-3",,"02-961-4244",,,,
"res_partner_supplier_n_85","บริษัท จีเอ็น เซอร์วิส แอนด์ ซัพพลาย จำกัด","Domestic",,"30 Days",,"TRUE","FALSE","TRUE",,"Default","FALSE","287 ถ.สุขุมวิท","ต.ห้วยโป่ง อ.เมืองระยอง ระยอง 21150","21150","Thailand","038-683-665",,"038-684-388",,,,
"res_partner_supplier_n_86","บริษัท ซี.วี.อาร์. สตีล กรุ๊ป จำกัด","Domestic",,,,"TRUE","FALSE","TRUE",,"Default","FALSE","97 ถ.สมุทรคงคา ","ต.ท่าประดู่ อ.เมือง  ระยอง 21000","21000","Thailand","038-613277,616044",,"038-612312",,,,
"res_partner_supplier_n_87","บริษัท ซี.อี. อินสทรูเม้นท์ (Thailand) จำกัด","Domestic",,,,"TRUE","FALSE","TRUE",,"Default","FALSE","68/876 หมู่ที่ 8 ถ.รัตนาธิเบศร์","ต.บางกระสอ อ.เมืองนนทบุรี นนทบุรี 11000","11000","Thailand","02-9658971-3",,"02-9658974",,,,
"res_partner_supplier_n_88","บริษัท ไซแอนติฟิก โปรโมชั่น จำกัด","Domestic",,"30 Days",,"TRUE","FALSE","TRUE",,"Default","FALSE","1759 ซอยวชิรธรรมสาธิต 57 ถนนสุขุมวิท 101/1","แขวงบางจาก เขตพระโขนง กรุงเทพฯ 10260","10260","Thailand","02-185-4333, 08-1444-0619",,"02-185-4426",,,,
"res_partner_supplier_n_89","บริษัท ดับบลิว อาร์ แอนด์ ดับบลิว เอ็นจิเนียริ่ง จำกัด","Domestic",,"30 Days",,"TRUE","FALSE","TRUE",,"Default","FALSE","599/5 หมู่ที่2 ถนนเศรษฐกิจ1 ","ต.อ้อมน้อย อ.กระทุ่มแบน สมุทรสาคร 74130","74130","Thailand","02-808-5422-6",,"02-808-5427-8",,,,
"res_partner_supplier_n_90","บริษัท ดี-พัฒนะมงคล จำกัด","Domestic",,,,"TRUE","FALSE","TRUE",,"Default","FALSE","61 หมู่ 5 ","ต.มาบข่า อ.นิคมพัฒนา ระยอง 21180","21180","Thailand","038-968745, 038-968748",,"038-968717",,,,
"res_partner_supplier_n_91","บริษัท เดนโก้ อินดัสทรี จำกัด","Domestic",,"30 Days",,"TRUE","FALSE","TRUE",,"Default","FALSE","999 หมู่ 8 ถ.สมุทรปราการ-สมุทรสาคร ","ต.นาเกลือ อ.พระสมุทรเจดีย์ สมุทรปราการ 10290","10290","Thailand","02-8485599",,"02-8485598",,,,
"res_partner_supplier_n_92","บริษัท ไดก้า (ไทย) จำกัด","Domestic",,"30 Days",,"TRUE","FALSE","TRUE",,"Default","FALSE","1168/49 อาคารลุมพินีทาวเวอร์ ชั้น 18 ถ.พระราม 4","เขตสาทร กรุงเทพฯ 10120 กรุงเทพฯ 10120","10120","Thailand","02-679-9032-9",,"677-6701-2",,,,
"res_partner_supplier_n_93","บริษัท ตั้งซุ่นฮวดผลิตภัณฑ์ จำกัด","Domestic",,"30 Days",,"TRUE","FALSE","TRUE",,"Default","FALSE","264-8 หลานหลวง ","แขวงคลองมหานาค เขตป้อมปราบศัตรูพ่าย กรุงเทพฯ 10100","10100","Thailand","022810690,022823609",,"02-2818424",,,,
"res_partner_supplier_n_94","บริษัท ทองไพศาล 11 จำกัด","Domestic",,,,"TRUE","FALSE","TRUE",,"Default","FALSE","46/746 ม.5 ","ต.บางคูรัด อ.บางบัวทอง  นนทบุรี 11110","11110","Thailand","02-926-4569",,"02-927-0373",,,,
"res_partner_supplier_n_95","บริษัท ทิงค์เน็ต จำกัด","Domestic",,,,"TRUE","FALSE","TRUE",,"Default","FALSE","323 อาคารยูไนเต็ดเซ็นเตอร์ ชั้น14 ห้อง 1402เอ","ถนนสีลม แขวงสีลม เขตบางรัก กรุงเทพฯ 10500","10500","Thailand","02-3536999",,"02-3536988",,,,
"res_partner_supplier_n_96","บริษัท ที.เอช.นิค จำกัด","Domestic",,"30 Days",,"TRUE","FALSE","TRUE",,"Default","FALSE","111 ม.9 อุทยานวิทยาศาสตร์Thailand ชั้น2 ห้องพี206","ถ.พหลโยธิน ต.คลองหนึ่ง อ.คลองหลวง ปทุมธานี 10120","10120","Thailand","02-1054007",,"02-5648033",,,,
"res_partner_supplier_n_97","บริษัท ที.เอส.เค เครน เซอร์วิส จำกัด","Domestic",,,,"TRUE","FALSE","TRUE",,"Default","FALSE","583 ถ.พระรามที่ 2","แขวงบางมด เขตจอมทอง กรุงเทพฯ 10150","10150","Thailand","02-874-0011, 02-874-0261-3",,"02-428-1516",,,,
"res_partner_supplier_n_98","บริษัท ทีทีเค ซายเอนซ์ จำกัด","Domestic",,,,"TRUE","FALSE","TRUE",,"Default","FALSE","2/280 ซอยแจ้งวัฒนะ14 ","แขวงทุ่งสองห้อง เขตหลักสี่ กรุงเทพฯ 10210","10210","Thailand","02-9907638, 02-5739881",,"02-9907639",,,,
"res_partner_supplier_n_99","บริษัท ไทยคณา เอ็นจิเนียริ่ง จำกัด","Domestic",,"30 Days",,"TRUE","FALSE","TRUE",,"Default","FALSE","119/10 ม.9 ถ.เทพารักษ์ กม.19","ต.บางปลา อ.บางพลี สมุทรปราการ 10540","10540","Thailand","02-317-6040-1",,"02-706-4271",,,,
"res_partner_supplier_n_100","บริษัท ไทยพัฒนสิน ควอลิตี้ ทูลส์ จำกัด","Domestic",,,,"TRUE","FALSE","TRUE",,"Default","FALSE","145/2-3 หมู่ 1 ","ตำบลบางขุนกอง อำเภอบางกรวย นนทบุรี 11130","11130","Thailand","0-2432-6834-36, 0-2432-6945-46",,,,,,
"res_partner_supplier_n_101","บริษัท นวนครพลาสติก","Domestic",,,,"TRUE","FALSE","TRUE",,"Default","FALSE","101/68 ซอยนวนคร 5/7 หมู่ 20 ถนนพหลโยธิน","ต.คลองหนึ่ง อ.คลองหลวง ปทุมธานี 12120","12120","Thailand","02-9090062-3,02-9090935-7",,"02-9090064",,,,
"res_partner_supplier_n_102","บริษัท น้ำใส กรุ๊ป (ไทยแลนด์) จำกัด","Domestic",,,,"TRUE","FALSE","TRUE",,"Default","FALSE","123/5 ถ.จันทอุดม","ต.เชิงเนิน อ.เมือง ระยอง 21000","21000","Thailand","038-860872",,"038-860632",,,,
"res_partner_supplier_n_103","บริษัท นิวแม็ก จำกัด","Domestic",,,,"TRUE","FALSE","TRUE",,"Default","FALSE","267/204 ถ.สุขุมวิท ","ต.มาบตาพุด อ.เมือง ระยอง 21150","21150","Thailand","038-607962-3",,"038-608019",,,,
"res_partner_supplier_n_104","บริษัท เน็ตโซล จำกัด","Domestic",,,,"TRUE","FALSE","TRUE",,"Default","FALSE","125/71 ม.2 ถนนสุขุมวิท ","ต.ทับมา อ.เมือง ระยอง 21000","21000","Thailand","038-967414",,"038-967428",,,,
"res_partner_supplier_n_105","บริษัท ไนซ์ ไนน์ อินเตอร์เทรด จำกัด","Domestic",,"30 Days",,"TRUE","FALSE","TRUE",,"Default","FALSE","309 ถนนเลียบคลองมอญ ","แขวงทับยาว เขตลาดกระบัง กรุงเทพฯ 10520","10520","Thailand","086-3081514",,"02-7395118",,,,
"res_partner_supplier_n_106","บริษัท บางกอก ซายน์ แอนด์ เซอร์วิส จำกัด","Domestic",,"30 Days",,"TRUE","FALSE","TRUE",,"Default","FALSE","73/78-79 ถ.บางแวก","แขวงบางไผ่ เขตบางแค กรุงเทพฯ 10160","10160","Thailand","02-887-2030-1",,"02-887-2588",,,,
"res_partner_supplier_n_107","บริษัท บิ๊กซี ซูปเปอร์เซ็นเตอร์ จำกัด (มหาชน) สาขาพัทยา2","Domestic",,,,"TRUE","FALSE","TRUE",,"Default","FALSE","565/41 ม.10","ต.หนอองปรือ อ.บางละมุง ชลบุรี 20150","20150","Thailand",,,,,,,
"res_partner_supplier_n_108","บริษัท บี เค ซัสเซ็ส อินเตอร์เทรด จำกัด","Domestic",,,,"TRUE","FALSE","TRUE",,"Default","FALSE","1/95 ถ.พระราม 2","แขวงท่าข้าม เขตบางขุนเทียน กรุงเทพฯ 10150","10150","Thailand","084-638-4441",,"02-405-4607",,,,
"res_partner_supplier_n_109","บริษัท แบงเทรดดิ้ง 1992 จำกัด","Domestic",,"30 Days",,"TRUE","FALSE","TRUE",,"Default","FALSE","999/99  ชั้น 4 อาคาร แบงเทรดดิ้ง กรุ๊ป ถ.พระราม 9","แขวงสวนหลวง เขตสวนหลวง กรุงเทพฯ 10250","10250","Thailand","02-718-3333ต่อ414 ",,"02-718-3962,02-720-3406",,,,
"res_partner_supplier_n_110","บริษัท โบลเตอร์ สจ๊วต จำกัด","Domestic",,"30 Days",,"TRUE","FALSE","TRUE",,"Default","FALSE","177/1 ถ.สุรวงศ์","แขวงสุริยวงศ์  เขตบางรัก กรุงเทพฯ 10500","10500","Thailand","02-634-7054-5",,"02-634-7056",,,,
"res_partner_supplier_n_111","บริษัท ป.เคมีอุปกรณ์ จำกัด","Domestic",,,,"TRUE","FALSE","TRUE",,"Default","FALSE","150 ถนนสิรินธร ","แขวงบางพลัด เขตบางพลัด กรุงเทพฯ 10700","10700","Thailand","02-4349031-4",,,,,,
"res_partner_supplier_n_112","บริษัท โปรโทรนิกส์ อินเตอร์เทรด จำกัด","Domestic",,,,"TRUE","FALSE","TRUE",,"Default","FALSE","38/40-41 หมู่ที่ 3 ถนนลำลูกกา","ตำบลคุคต อำเภอลำลูกกา ปทุมธานี 12130","12130","Thailand","02-531-6293",,"02-531-6294",,,,
"res_partner_supplier_n_113","บริษัท โปรบิตี้ เอ็นเตอร์ไพรส์ จำกัด","Oversea",,"30 Days",,"TRUE","FALSE","TRUE",,"Default","FALSE","54/1-3 ถ.สุขุมวิท","ตำบลมาบตาพุด อำเภอเมือง ระยอง 21150","21150","Thailand","038-692-100-2",,"038-692-103",,,,
"res_partner_supplier_n_114","บริษัท พสุ ซัพพลาย แอนด์ เซอร์วิส จำกัด","Domestic",,,,"TRUE","FALSE","TRUE",,"Default","FALSE","54/1-2 ถ.สุขุมวิท","ต.มาบตาพุด อ.เมืองระยอง ระยอง 21150","21150","Thailand","038 692 100-2 Ext.105",,"038 692103",,,,
"res_partner_supplier_n_115","บริษัท พาดี อินโนเวชั่น จำกัด","Domestic",,,,"TRUE","FALSE","TRUE",,"Default","FALSE","97/3 หมู่ 6 ","แขวงท่่าแร้ง เขตบางเขน กรุงเทพฯ 10220","10220","Thailand","02-948-0491-2",,"02-948-0482",,,,
"res_partner_supplier_n_116","บริษัท พาราไซแอนติฟิค จำกัด","Domestic",,,,"TRUE","FALSE","TRUE",,"Default","FALSE","อาคารอื้อจือเหลียง 968 ถ.พระราม 4","แขวงสีลม เขตบางรัก กรุงเทพฯ 10500","10500","Thailand","02-632-4300",,"02-637-5496-7",,,,
"res_partner_supplier_n_117","บริษัท พี.เอ.แอนด์เคส เซ็นเตอร์ จำกัด","Domestic",,,,"TRUE","FALSE","TRUE",,"Default","FALSE","16,16/1 ซ.เอกชัย 63","แขวงบางบอน เขตบางบอน กรุงเทพฯ 10150","10150","Thailand","02-898-1041-2",,"02-416-9605",,,,
"res_partner_supplier_n_118","บริษัท พีแอลที ไซน์ติฟิค (Thailand) จำกัด","Domestic",,,,"TRUE","FALSE","TRUE",,"Default","FALSE","188/2-3 ถนนจรัญสนิทวงศ์  ","แขวงบ้านช่างหล่อ เขตบางกอกน้อย กรุงเทพฯ ",,"Thailand","02-8664066",,"02-8664069",,,,
"res_partner_supplier_n_119","บริษัท เพทโทร-อินสตรูเมนท์ จำกัด","Domestic",,,,"TRUE","FALSE","TRUE",,"Default","FALSE","7/409 ซ.วิภาวดีรังสิต 36 ถ.วิภาวดีรังสิต","แขวงจตุจักร เขตจตุจักร กรุงเทพฯ 10900","10900","Thailand","02-513-2333, 939-5711",,"02-939-4207-8",,,,
"res_partner_supplier_n_120","บริษัท ฟาโก เทคโนโลยี่ จำกัด","Domestic",,"30 Days",,"TRUE","FALSE","TRUE",,"Default","FALSE","267/90 ชั้น 1 ถ.สุขุมวิท","ต.มาบตาพุด อ.เมือง  ระยอง 21150","21150","Thailand","038-607025-6",,"038-607566",,,,
"res_partner_supplier_n_121","บริษัท ฟูชิ เทรดดิ้ง จำกัด","Domestic",,,,"TRUE","FALSE","TRUE",,"Default","FALSE","18/75 หมู่บ้านรัตตนาวดี ถ.เลียบคลองทวีวัฒนา","แขวง/เขตคลองทวีวัฒนา กรุงเทพฯ 10170","10170","Thailand","02-4411612",,"02-4411613",,,,
"res_partner_supplier_n_122","บริษัท เฟรช คูล อินเตอร์เนชั่นแนล จำกัด","Domestic",,,,"TRUE","FALSE","TRUE",,"Default","FALSE","63/125 ม.6","ต.เสาธงหิน อ.บางใหญ่  นนทบุรี 11140","11140","Thailand","02-9033150-2",,"02-9033837",,,,
"res_partner_supplier_n_123","บริษัท ภัทรวิทย์ ไฮเทค จำกัด","Domestic",,"30 Days",,"TRUE","FALSE","TRUE",,"Default","FALSE","88/35 หมู่บ้านไพรเวท เนอวานา ธรู ซ.รามอินทรา 58","แยก 3 แขวงรามอินทรา เขตคันนายาว กรุงเทพฯ 10230","10230","Thailand","02-509-8619",,"02-509-8619",,,,
"res_partner_supplier_n_124","บริษัท ภูทะเล จำกัด","Domestic",,,,"TRUE","FALSE","TRUE",,"Default","FALSE","116 ถนนเนินพยอม","ต.มาบตาพุด อ.เมือง ระยอง 21000","21000","Thailand","038-682619,681423",,"038-682-426,407",,,,
"res_partner_supplier_n_125","บริษัท มาสเตอร์แพ็ค-เอเซีย จำกัด","Domestic",,,,"TRUE","FALSE","TRUE",,"Default","FALSE","27/7 ซ.สุขุมวิท 19 ถ.ห้วยโป่ง-หนองบอน ","ต.ห้วยโป่ง อ.เมือง ระยอง 21150","21150","Thailand","038-692477",,"038-692310-1",,,,
"res_partner_supplier_n_126","บริษัท มิลเลนเนียม ออโต้ พาร์ท จำกัด","Domestic",,,,"TRUE","FALSE","TRUE",,"Default","FALSE","6 ซ.เคหะร่มเกล้า 66 ","แขวงคลองสองต้นนุ่น เขตลาดกระบัง กรุงเทพฯ 10520","10520","Thailand","02-9177863-4",,"02-9177865",,,,
"res_partner_supplier_n_127","บริษัท เมเชอร์ วัน เทคโนโลยี จำกัด","Domestic",,,,"TRUE","FALSE","TRUE",,"Default","FALSE","19/7 หมู่ 3 ","ต.ชัยมงคล อ.เมือง สมุทรสาคร 74000","74000","Thailand","0-3488-1240",,"0-3488-1243-4",,,,
"res_partner_supplier_n_128","บริษัท เมเชอร์โทรนิกซ์ จำกัด","Domestic",,,,"TRUE","FALSE","TRUE",,"Default","FALSE","2425/2 ถ.ลาดพร้าว ","แขวงสะพานสอง เขตวังทองหลาง กรุงเทพฯ 10310","10310","Thailand","02-514-1000 02-514-1234",,"02-514-0003",,,,
"res_partner_supplier_n_129","บริษัท แมคเทคโนโลยี จำกัด","Domestic",,"30 Days",,"TRUE","FALSE","TRUE",,"Default","FALSE","5/70 ซ.รามคำแหง 107 ถ.รามคำแหง","แขวงหัวหมาก เขตบางกะปิ กรุงเทพฯ 10240","10240","Thailand","02-374-6956",,"02-8664069",,,,
"res_partner_supplier_n_130","บริษัท ยูที เอ็นยิเนียริ่ง อินเตอร์เนชั่นแนล จำกัด","Domestic",,,,"TRUE","FALSE","TRUE",,"Default","FALSE","91 ซ.อรรคพัฒน์(ทองหล่อ 17) ถ.สุขุมวิท","แขวงคลองตันเหนือ เขตวัฒนา กรุงเทพฯ 10110","10110","Thailand","02-185-2831-4, 185-2950-1",,"02-712-6100",,,,
"res_partner_supplier_n_131","บริษัท ร่วมเจริญกรุ๊ป จำกัด","Domestic",,"30 Days",,"TRUE","FALSE","TRUE",,"Default","FALSE","83/50  หมู่ 1 ","ต. พลา  อ.บ้านฉาง ระยอง 21130","21130","Thailand","038-602119 คุณวาส038-601118/คุณกุ้ง038-602766",,,,,,
"res_partner_supplier_n_132","บริษัท ระยองมงคลชัย จำกัด","Domestic",,,,"TRUE","FALSE","TRUE",,"Default","FALSE","158 ถ.สุขุมวิท","ต.มาบตาพุด อ.เมืองระยอง ระยอง 21150","21150","Thailand","038-681370-2",,"038-681369",,,,
"res_partner_supplier_n_133","บริษัท ลินเด้ (Thailand) จำกัด (มหาชน)","Domestic",,"30 Days",,"TRUE","FALSE","TRUE",,"Default","FALSE","2/3 หมู่ 14 ถ.บางนา - ตราด","ตำบลบางแก้ว อำเภอบางพลี สมุทรปราการ 10540","10540","Thailand","02-3380805",,"02-3380888",,,,
"res_partner_supplier_n_134","บริษัท ว.ทวีพัฒนา จำกัด","Domestic",,,,"TRUE","FALSE","TRUE",,"Default","FALSE","12 ซ.ล้วนเจืออนุสรณ์ ถ.สุขุมวิท","แขวงบางนา เขตบางนา กรุงเทพฯ 10260","10260","Thailand","02-745-1600",,"02-745-2801, 398-6501",,,,
"res_partner_supplier_n_135","บริษัท วอยก้า จำกัด","Domestic",,,,"TRUE","FALSE","TRUE",,"Default","FALSE","2447/1-3 ถนนเพชรบุรีตัดใหม่ ","แขวงบางกะปิ เขตห้วยขวาง กรุงเทพฯ 10310","10310","Thailand","02-369-3595-9",,"02-7180974-5",,,,
"res_partner_supplier_n_136","บริษัท วิทยาศรม ศรีราชา  จำกัด","Domestic",,,,"TRUE","FALSE","TRUE",,"Default","FALSE","579/3  หมู่ 8 ถ.วัดเขาช่องลม  ","ต.หนองขาม อ.ศรีราชา   ชลบุรี 20110","20110","Thailand","(038) 296544-6",,"(038)296547, 338331",,,,
"res_partner_supplier_n_137","บริษัท วิน วิน ยูนิเวอร์ส จำกัด","Domestic",,,,"TRUE","FALSE","TRUE",,"Default","FALSE","1506/326-327 หมู่ที่6","ต.เทพารักษ์ อ.เมือง สมุทรปราการ 10270","10270","Thailand","02-7548844, 02-7557383",,,,,,
"res_partner_supplier_n_138","บริษัท วี.เค.อินเตอร์ คาร์ตัน จำกัด","Domestic",,"30 Days",,"TRUE","FALSE","TRUE",,"Default","FALSE","99/5 หมู่ 5","ต.มะขามคู่ อ.นิคมพัฒนา ระยอง 21180","21180","Thailand","038-893-109",,"038-893-110",,,,
"res_partner_supplier_n_139","บริษัท วีนัส ซัพพลาย จำกัด","Domestic",,,,"TRUE","FALSE","TRUE",,"Default","FALSE","196/1  ซอยเทศบาลนิมิตรเหนือ 8 ถนนเทศบาลนิมิตรเหนือ","แขวงลาดยาว เขตจตุจักร กรุงเทพฯ 10900","10900","Thailand","02-9542408",,,,,,
"res_partner_supplier_n_140","บริษัท โวลท์ แอมป์ จำกัด","Domestic",,,,"TRUE","FALSE","TRUE",,"Default","FALSE","267/43-44  ถ.สุขุมวิท","ต.มาบตาพุด อ.เมือง ระยอง 21150","21150","Thailand","038-608-775-6",,"038-608-602",,,,
"res_partner_supplier_n_141","บริษัท ศิลามาศ ทรานสปอร์ต จำกัด","Domestic",,,,"TRUE","FALSE","TRUE",,"Default","FALSE","118/4 ม.4 ถนนรามอินทรา","แขวงอนุสาวรีย์ เขตบางเขน กรุงเทพฯ 10220","10220","Thailand","02-739-1781-3",,"02-7391785",,,,
"res_partner_supplier_n_142","บริษัท ศิลามาศเซอร์วิสเซส จำกัด","Domestic",,,,"TRUE","FALSE","TRUE",,"Default","FALSE","68 ม.2 ถ.ศรีวารีน้อย","ต.ศรีษะจรเข้น้อย กิ่ง อ.บางเสาธง สมุทรปราการ 10240","10240","Thailand","02-739-1781",,"02-739-1785",,,,
"res_partner_supplier_n_143","บริษัท สยามโกลบอลเฮ้าท์ จำกัด (มหาชน) สาขาระยอง","Domestic",,,,"TRUE","FALSE","TRUE",,"Default","FALSE","137 ม.4 ","ต.ทับมา อ.เมืองระยอง ระยอง 21000","21000","Thailand","038-680588-9",,"038-680590",,,,
"res_partner_supplier_n_144","บริษัท สยามนาธานอินเตอร์เนชั่นแนล จำกัด","Domestic",,,,"TRUE","FALSE","TRUE",,"Default","FALSE","5/104 ม.16 ถนนศรีนครินทร์ ","อ.บางพลี  สมุทรปราการ 10540","10540","Thailand","02-7589552-3ม 02-7589048  ",,"02-7589052",,,,
"res_partner_supplier_n_145","บริษัท สหเครนเซอร์วิส จำกัด","Domestic",,,,"TRUE","FALSE","TRUE",,"Default","FALSE","12 ถ.โรงปุ๋ย","ต.มาบตาพุด อ.เมือง  ระยอง 21150","21150","Thailand","038-684543,038-684572",,"038-683237",,,,
"res_partner_supplier_n_146","บริษัท แสงชัยมิเตอร์ จำกัด","Domestic",,,,"TRUE","FALSE","TRUE",,"Default","FALSE","694/16-19 ถ.พหลโยธิน ","แขวงสามเสนใน เขตพญาไท กรุงเทพฯ 10400","10400","Thailand","038-337-100-1",,"038-337-118-9",,,,
"res_partner_supplier_n_147","บริษัท แสงวิทย์ 2000 จำกัด","Domestic",,"30 Days",,"TRUE","FALSE","TRUE",,"Default","FALSE","66/701-702 หมู่ 5 ซอยจรัญสนิทวงศ์ 13 ถนนสายบางแวก","แขวงคลองขวาง เขตภาษีเจริญ กรุงเทพฯ 10160","10160","Thailand","02-8619446-9",,"02-8619463",,,,
"res_partner_supplier_n_148","บริษัท อนาไลติคอล แอนด์ คอนโทรล เทคโนโลยี2000จำกัด","Domestic",,,,"TRUE","FALSE","TRUE",,"Default","FALSE","46/87 ซอยนวลจันทร์31","แขวงนวลจันทร์ แขตบึงกุ่ม กรุงเทพฯ 10230","10230","Thailand","02-944-4748",,"02-9445854",,,,
"res_partner_supplier_n_149","บริษัท อมรศูนย์รวมอะไหล่อีเล็คโทรนิคส์ จำกัด","Domestic",,,,"TRUE","FALSE","TRUE",,"Default","FALSE","154/3,5 ซอยทิพย์วารี ถนนบ้านหม้อ ","แขวงวังบูรพา-ภิรมย์ เขตพระนคร กรุงเทพฯ 10200","10200","Thailand","02-6238180-9",,"02-6238547",,,,
"res_partner_supplier_n_150","บริษัท อมรศูนย์รวมอะไหล่อีเล็คโทรนิคส์ จำกัด","Domestic",,,,"TRUE","FALSE","TRUE",,"Default","FALSE","154/3,5 ซอยทิพย์วารี ถนนบ้านหม้อ","แขวงวังบูรพาภิรมย์ เขตพระนคร กรุงเทพฯ 10200","10200","Thailand","038-624126-30",,,,,,
"res_partner_supplier_n_151","บริษัท อมานี คอร์ปอเรชั่น จำกัด","Domestic",,,,"TRUE","FALSE","TRUE",,"Default","FALSE","201/220 ม.6 ","แขวงประเวศ เขตประเวศ กรุงเทพฯ 10250","10250","Thailand","02-3224421-3    02-3226705",,,,,,
"res_partner_supplier_n_152","บริษัท อินเตอร์ โบลท์ แอนด์ ฟิตติ้ง จำกัด","Domestic",,,,"TRUE","FALSE","TRUE",,"Default","FALSE","92 ถ.ทางหลวงระยองสาย 3191 ","ต.มาบตาพุด อ.เมือง ระยอง 21150","21150","Thailand","038682638-9, 086-3020128, 089-7479918",,"038-682012",,,,
"res_partner_supplier_n_153","บริษัท อีโคซีล จำกัด","Domestic",,,,"TRUE","FALSE","TRUE",,"Default","FALSE","267/185-190 ถนนสุขุมวิท","ตำบลมาบตาพุด อำเภอเมืองระยอง ระยอง 21150","21150","Thailand","038-607618-20",,,,,,
"res_partner_supplier_n_154","บริษัท อีดีเอ อินโทรมิท จำกัด","Domestic",,,,"TRUE","FALSE","TRUE",,"Default","FALSE","421 หมู่2 ถ.ประชาอุทิศ","ต.บ้านคลองสวน อ.พระสมุทรเจดีย์ จ.สมุทรปราการ 10290","10290","Thailand","02-463-8735",,"02-463-8739",,,,
"res_partner_supplier_n_155","บริษัท อีเล็คตริคเซอร์วิสดีไวซ์ จำกัด","Domestic",,,,"TRUE","FALSE","TRUE",,"Default","FALSE","50/300 หมู่ที่19 หมู่บ้านพนาสนธิ์วิลล่า2","แขวงมีนบุรี กรุงเทพฯ 10510","10510","Thailand","02-9156736",,"02-915-6358",,,,
"res_partner_supplier_n_156","บริษัท เอก-ชัย ดีสทริบิวชั่น ซิสเทม จำกัด","Domestic",,"30 Days",,"TRUE","FALSE","TRUE",,"Default","FALSE",,"ต.เนินพระ อ.เมืองระยอง ระยอง 2100","2100","Thailand","038-966635",,,,,,
"res_partner_supplier_n_157","บริษัท เอ็น.ดี.อินดัสเตรียล พาร์ท จำกัด","Domestic",,"30 Days",,"TRUE","FALSE","TRUE",,"Default","FALSE","79/128 ถนนนวมินทร์ ","แขวงรามอินทรา เขตคันนายาว กรุงเทพฯ 10230","10230","Thailand","02-1303125",,"02-1303125",,,,
"res_partner_supplier_n_158","บริษัท เอ็นที อินโนเวชั่น จำกัด","Domestic",,,,"TRUE","FALSE","TRUE",,"Default","FALSE","615 ถนนบางแวก ","แขวงบางไผ่ เขตบางแค กรุงเทพฯ 10160","10160","Thailand","02-8874664, 02-8870676",,"02-4960013",,,,
"res_partner_supplier_n_159","บริษัท เอ็นเทค แอสโซซิเอท จำกัด","Domestic",,"15 Days",,"TRUE","FALSE","TRUE",,"Default","FALSE","17/121 ซ.ชินเขต 2/46 ","แขวงทุ่งสองห้อง เขตหลักสี่ กรุงเทพฯ 10210","10210","Thailand","0 2831 6666",,,,,,
"res_partner_supplier_n_160","บริษัท เอ็นพีซี เซฟตี้ แอนด์ เอ็นไวรอนเมนทอล เซอร์ จำกัด","Domestic",,"30 Days",,"TRUE","FALSE","TRUE",,"Default","FALSE","20/9 ถ.ปกรณ์สงเคราะห์ราษฎร์","ต.มาบตาพุด อ.เมืองระยอง ระยอง 21150","21150","Thailand","038-977777",,"038-977701",,,,
"res_partner_supplier_n_161","บริษัท เอส.เอ็ม.ซี (Thailand) จำกัด","Domestic",,,,"TRUE","FALSE","TRUE",,"Default","FALSE","267/211 ถ.สุขุมวิท","ต.มาบตาพุด อ.เมืองระยอง ระยอง 21150","21150","Thailand","038-608-331, 038-609-402",,"038-608330",,,,
"res_partner_supplier_n_162","บริษัท เอสเอ็นพี ไชแอนติฟิค จำกัด","Domestic",,,,"TRUE","FALSE","TRUE",,"Default","FALSE","32/14-16 หมู่ 1 ถ.สุขาภิบาล 5","แขวงออเงิน เขตสายไหม กรุงเทพฯ 10220","10220","Thailand","02-563-6196-99",,"02-563-6050-51",,,,
"res_partner_supplier_n_163","บริษัท แอพพลายด์ ไซแอนทิฟิค อินสตรูเม้นท์ส จำกัด","Domestic",,,,"TRUE","FALSE","TRUE",,"Default","FALSE","1526 ซ.สุขุมวิท48/3 ถ.สุขุมวิท ","แขวงพระโขนง เขตคลองเตย กรุงเทพฯ 10260","10260","Thailand","02-3328179-8",,"02-3328180",,,,
"res_partner_supplier_n_164","บริษัท แอโรฟลูอิด จำกัด","Domestic",,,,"TRUE","FALSE","TRUE",,"Default","FALSE","169/4ม 169/5 หมู่1 ถ.รังสิต-นครนายก ","ต.ลำผักกูด อ.ธัญบุรี  ปทุมธานี 12110","12110","Thailand","02-5772999",,"02-5772700",,,,
"res_partner_supplier_n_165","บริษัท แอสทิวท์ ดีเวลลอพเม้นท์ จำกัด","Domestic",,"30 Days",,"TRUE","FALSE","TRUE",,"Default","FALSE","1118 ถ.พระราม 9","แขวงสวนหลวง เขตสวนหลวง กรุงเทพฯ 10250","10250","Thailand","038-609023-5",,"038-609026",,,,
"res_partner_supplier_n_166","บริษัท ไอเอ็มไอ โพรเชส อินสตรูเมนท์ จำกัด","Domestic",,,,"TRUE","FALSE","TRUE",,"Default","FALSE","9/333-4 หมู่ 8 ถ.พหลโยธิน","แขวงอนุสาวรีย์ เขตบางเขน กรุงเทพฯ 10220","10220","Thailand","02-9702974-81ม038-607526 ",,"02-5528403",,,,
"res_partner_supplier_n_167","บริษัท โฮม โปรดักส์ เซ็นเตอร์ จำกัด (มหาชน) สาขาระยอง","Domestic",,,,"TRUE","FALSE","TRUE",,"Default","FALSE","560 ถ.สุขุมวิท","ต.เนินพระ อ.เมืองระยอง กรุงเทพฯ 21000","21000","Thailand","038-809-333",,"038-809-334",,,,
"res_partner_supplier_n_168","บริษัท ไฮโดรแม็ก แอดว๊านซ์ ระยอง จำกัด","Domestic",,,,"TRUE","FALSE","TRUE",,"Default","FALSE","2/7-9 ถนนทางหลวงระยองสาย 3191 ","ตำบลมาบตาพุด อำเภอเมืองระยอง ระยอง 21150","21150","Thailand","038-682807,682889",,"038-682965",,,,
"res_partner_supplier_n_169","บริษัท นครเฟอร์นิเจอร์ ระยอง จำกัด","Domestic",,,,"TRUE","FALSE","TRUE",,"Default","FALSE","578/2 ถ.สุขุมวิท ","ต.เนินพระ .อ.เมือง ระยอง 21000","21000","Thailand","038-808235",,"038-808236",,,,
"res_partner_supplier_n_170","บริษัท ไพรมัส จำกัด","Domestic",,"45 Days",,"TRUE","FALSE","TRUE",,"Default","FALSE","119 ซ.สีม่วงอนุสรณ์ ถ. สุทธิสารวินิจฉัย","แขวงดินแดง เขตดินแดง กรุงเทพฯ 10400","10400","Thailand","02-277-3565, 02-277-1146",,"02-275-1912",,,,
"res_partner_supplier_n_171","บริษัท ยู-ทอง จำกัด","Domestic",,,,"TRUE","FALSE","TRUE",,"Default","FALSE","413, 415, 417 ถนนเพชรเกษม ","แขวงหนองค้างพลู เขตหนองแขม กรุงเทพฯ 10100","10100","Thailand","038-112483-6,02-8088571",,"038-112487,02-8088574-5",,,,
"res_partner_supplier_n_172","บริษัท สยาม เซฟตี้ พลัส","Domestic",,,,"TRUE","FALSE","TRUE",,"Default","FALSE","53/1392 ม.3 ","ต.บ้านใหม่ อ.ปากเกร็ด กรุงเทพฯ 11120","11120","Thailand","02-961-9969, 080-111-8171",,"02-961-9968",,,,
"res_partner_supplier_n_173","ร้าน 108 ไอที","Domestic",,,,"TRUE","FALSE","TRUE",,"Default","FALSE","108 ถ.สุขุมวิท ","ต.มาบตาพุด อ.เมือง ระยอง 21150","21150","Thailand","-",,,,,,
"res_partner_supplier_n_174","ร้าน โค้วเลี่ยงเซ้ง","Domestic",,,,"TRUE","FALSE","TRUE",,"Default","FALSE","40, ถ.สุขุมวิท, ","ต.ท่าประดู่ อ.เมืองระยอง ระยอง 21000","21000","Thailand","038 611 992",,,,,,
"res_partner_supplier_n_175","ร้าน พี.วี.ซี. วิเชียร","Domestic",,,,"TRUE","FALSE","TRUE",,"Default","FALSE","78-80 ถ.สุขุมวิท ซ.ศูนย์การค้าสาย 3","ต.ท่าประดู่ อ.เมืองระยอง ระยอง 21000","21000","Thailand","038-613700, 612025",,,,,,
"res_partner_supplier_n_176","ร้าน ขวัญเรือนเฟอร์นิเจอร์","Domestic",,,,"TRUE","FALSE","TRUE",,"Default","FALSE","เลขที่60 ถนนสุขุมวิท","ต.มาบตาพุด อ.เมือง ระยอง 21150","21150","Thailand","038-682070",,"038-682332",,,,
"res_partner_supplier_n_177","ร้าน เบาะเจริญระยอง","Domestic",,,,"TRUE","FALSE","TRUE",,"Default","FALSE","115/14 ถ.จันทอุดม","ต.เชิงเนิน อ.เมือง ระยอง 21000","21000","Thailand","038-613-898 038-621-711",,"038-621-711",,,,
"res_partner_supplier_n_178","ร้าน พรชนกเซ็นเตอร์มาร์ท","Domestic",,,,"TRUE","FALSE","TRUE",,"Default","FALSE","28/15 ม.2","ต.ทับมา อ.เมืองระยอง  ระยอง 21000","21000","Thailand","038-617939, 089-146-1275, 083-493-1872",,,,,,
"res_partner_supplier_n_179","ร้าน ศิริสิน อิเลคทรอนิคส์","Domestic",,,,"TRUE","FALSE","TRUE",,"Default","FALSE","14/15-16 ถ.จันทอุดม","ต.ท่าประดู่ อ.เมืองระยอง ระยอง 21000","21000","Thailand","038-621774",,,,,,
"res_partner_supplier_n_180","ไวเจริญฮีตเตอร์ (Vai Charoen Heater)","Domestic",,"30 Days",,"TRUE","FALSE","TRUE",,"Default","FALSE","425 ซอยจันทน์16 ","แขวงทุ่งวัดดอน เขตสาทร กรุงเทพฯ 10120","10120","Thailand","02 2864949  Mobile:086 098 4949",,,,,,
"res_partner_supplier_n_181","ศักดาอลูมิเนียม","Domestic",,,,"TRUE","FALSE","TRUE",,"Default","FALSE","373/18-19 ถ.สุขุมวิท","ต.เนินพระ อ.เมือง  ระยอง 21000","21000","Thailand","038-610394-5",,"038-610-395",,,,
"res_partner_supplier_n_182","สหสินการพิมพ์","Domestic",,,,"TRUE","FALSE","TRUE",,"Default","FALSE","144/38,7/11(ข้างธนาคารยูโอบี) ถนนสุขุมวิท","ตำบลท่าประดู่ อำเภอเมือง ระยอง 21000","21000","Thailand","038-612162, 038-615513",,"038-612162",,,,
"res_partner_supplier_n_183","หจก. เก้าคูณเก้า","Domestic",,,,"TRUE","FALSE","TRUE",,"Default","FALSE","39/1-2 ถ.สุขุมวิท ","ต.เนินพระ อ.เมือง ระยอง 21150","21150","Thailand","081-578-9952, 038-608-690",,"038-608-721",,,,
"res_partner_supplier_n_184","หจก. ซี.เอส.เค.พาร์ท ซัพพลาย","Domestic",,,,"TRUE","FALSE","TRUE",,"Default","FALSE","90/37 หมู่ 4 ถนนพุทธมณฑลสาย 5 ","ต.บางกระทึก อ.สามพราน นครปฐม 73110","73110","Thailand","02-482-2208",,"034-878030",,,,
"res_partner_supplier_n_185","หจก. ทรัพย์มีชัย อินเตอร์มาร์เก็ตติ้ง","Domestic",,,,"TRUE","FALSE","TRUE",,"Default","FALSE","65/19 ม.10","ต.มาบตาพุด อ.เมืองระยอง ระยอง 21150","21150","Thailand","038-692126, 038-692139",,"038-692143",,,,
"res_partner_supplier_n_186","หจก. ที.ซี. สถาพร กรุ๊ป","Domestic",,,,"TRUE","FALSE","TRUE",,"Default","FALSE","64 ซอยเอกชัย 80/2 ถนนเอกชัย ","กรุงเทพฯ 10150 กรุงเทพฯ 10150","10150","Thailand","02-8944891-5",,"02-8944890",,,,
"res_partner_supplier_n_187","หจก. ไทยวอเตอร์ สโตร์","Domestic",,"30 Days",,"TRUE","FALSE","TRUE",,"Default","FALSE","10 ถ.พระยาสุเรนทร์","แขวงบางชัน เขตคลองสามวา กรุงเทพฯ 10510","10510","Thailand","02-919-0603",,"02-919-3525",,,,
"res_partner_supplier_n_188","หจก. ประโยชน์นำดี","Domestic",,"30 Days",,"TRUE","FALSE","TRUE",,"Default","FALSE","105/174 หมู่ 1 ","แขวงคลองกุ่ม เขตบึงกุ่ม กรุงเทพฯ 10240","10240","Thailand","02-3776408,7367105",,"02-7345565",,,,
"res_partner_supplier_n_189","หจก. พี.อาร์.เทคโนโลยีแอนด์แคลิเบรชั่น","Domestic",,"30 Days",,"TRUE","FALSE","TRUE",,"Default","FALSE","9/380 ม.4 ถ.รามอินทรา ","แขวงอนุเสาวรีย เขตบางเขน กรุงเทพฯ 10220","10220","Thailand","02-522-1329",,"02-522-1381",,,,
"res_partner_supplier_n_190","หจก. มานีประสาน","Domestic",,,,"TRUE","FALSE","TRUE",,"Default","FALSE","63,65 ถ.ราษฎร์บำรุง ซ. 6","ต.เนินพระ อ. เมืองระยอง  ระยอง 21000","21000","Thailand","038-808-552, 086-073-1333",,"038-610-166",,,,
"res_partner_supplier_n_191","หจก. ระยองเนมเพลท","Domestic",,,,"TRUE","FALSE","TRUE",,"Default","FALSE","สำนักงาน 146/22 หมู่1 ","ตำบลเชิงเนิน อำเภอเมือง ระยอง 21000","21000","Thailand","038-802442",,"038-802442",,,,
"res_partner_supplier_n_192","หจก. ระวี อินเตอร์เทรด","Domestic",,,,"TRUE","FALSE","TRUE",,"Default","FALSE","314/441 ซ.รามคำแหง 76 ถ.รามคำแหง","แขวงหัวหมาก เขตบางกะปิ กรุงเทพฯ 10240","10240","Thailand","02-917-7772, 02-917-7860-5",,"02-917-7865",,,,
"res_partner_supplier_n_193","หจก. ลี้ย่งเส็ง ค้าวัสดุ","Domestic",,,,"TRUE","FALSE","TRUE",,"Default","FALSE","582/2 ถ. สุขุมวิท ","ต.เนินพระ อ.เมือง  ระยอง 21000","21000","Thailand","038-808-450",,"038-808-449",,,,
"res_partner_supplier_n_194","หจก. วัน พลัส เทคโนโลยี","Domestic",,,,"TRUE","FALSE","TRUE",,"Default","FALSE","เลขที่  267/251 ถนนสุขุมวิท ","ตำบลมาบตาพุด อำเภอเมืองระยอง ระยอง 21150","21150","Thailand","038-941949",,"038-607562",,,,
"res_partner_supplier_n_195","หจก. สกุลเนตร โลหะกิจ","Domestic",,"30 Days",,"TRUE","FALSE","TRUE",,"Default","FALSE","146/1 หมู่ 5  ถ.สาย 3191","ต.มาบข่า  อ.นิคมพัฒนา ระยอง 21150","21150","Thailand","038-636398 ,089-8028802",,"038-636531",,,,
"res_partner_supplier_n_196","หจก. สาม พ. พาณิชย์","Domestic",,,,"TRUE","FALSE","TRUE",,"Default","FALSE","267/311-3 ถ.สุขุมวิท ","ต. มาบตาพุด  อ.เมืองระยอง ระยอง 21150","21150","Thailand","038-608831-2",,,,,,
"res_partner_supplier_n_197","หจก. สุมนเมดิคอล","Domestic",,,,"TRUE","FALSE","TRUE",,"Default","FALSE","2/253 ซ.มัยลาภ ถ.รามอินทรา","แขวงท่าแร้ง เขตบางเขน กรุงเทพฯ 10230","10230","Thailand","02-943-6014",,,,,,
"res_partner_supplier_n_198","หจก. อีออส แมชชีนเนอรี่","Domestic",,,,"TRUE","FALSE","TRUE",,"Default","FALSE","155/56 ม.2 ","ต.ทับมา อ.เมืองระยอง  ระยอง 21000","21000","Thailand",,,,,,,
"res_partner_supplier_n_199","หจก. เอ็ช.ที.(กรุงเทพ) เทรดดิ้ง","Domestic",,,,"TRUE","FALSE","TRUE",,"Default","FALSE","29 ถ.เฉลิมเขตยุคล2 ","แขวงเทพศิรินทร์ เขตป้อมปราบฯ กทม 10100","10100","Thailand","02-2254370-3",,"02-2252905-6",,,,
"res_partner_supplier_n_200","หจก. ไอกลาส","Domestic",,"30 Days",,"TRUE","FALSE","TRUE",,"Default","FALSE","312/157  หมู่ 2 ถ.วิภาวิดีรังสิต","แขวง ทุ่งสองห้อง เขต หลักสี่ กรุงเทพฯ 10210","10210","Thailand","081-875-4133",,"02-982-0857",,,,
"res_partner_supplier_n_201","หจก.ที.เจ.ฮีตเตอร์ แอนด์ เอ็นจิเนียริ่ง","Domestic",,"30 Days",,"TRUE","FALSE","TRUE",,"Default","FALSE","19/107 ซ.มหาชัย ม.13 ถ.บางนา-ตราด กม.10","ต.บางพลีใหญ่ อ.บางพลี  กรุงเทพฯ 10540","10540","Thailand","02-186-9455, 08-6395-6098",,"02-509-5963",,,,
"res_partner_supplier_n_202","หจก.พีเอ็น แมชชีน แอนด์ เซอร์วิส","Domestic",,,,"TRUE","FALSE","TRUE",,"Default","FALSE","23/9 ถ.ราษฏร์นิยม ","ต.เนินพระ อ.เมืองระยอง ระยอง 21150","21150","Thailand","038-694082",,"038-694072",,,,
"res_partner_supplier_n_203","เอส. เอ็ม. แอนด์ ซี อาร์ทดีไซน์","Domestic",,,,"TRUE","FALSE","TRUE",,"Default","FALSE","บิ๊กซี ชั้น2(แฟชั้นไอซ์แลนด์)ห้องเลขที่2CR207","ถ.รามอินทรา กม.9 แขวง/เขตคันนายาว กรุงเทพฯ 10230","10230","Thailand","089-6943479",,"02-9475658",,,,
"res_partner_supplier_n_204","Mr. Gilbert Lammertyn",,,,,"FALSE","FALSE","TRUE","res_partner_supplier_n_3","Contact","TRUE",,,,,,,,,,,
"res_partner_supplier_n_205","Mr.Phyllis Day",,,,,"FALSE","FALSE","TRUE","res_partner_supplier_n_7","Contact","TRUE",,,,,,,,,,,
"res_partner_supplier_n_206","Mrs Jessica Baughman",,,,,"FALSE","FALSE","TRUE","res_partner_supplier_n_8","Contact","TRUE",,,,,,,,,,,
"res_partner_supplier_n_207","K.Angkana",,,,,"FALSE","FALSE","TRUE","res_partner_supplier_n_14","Contact","TRUE",,,,,,,,,,,
"res_partner_supplier_n_208","K.Nichakarn",,,,,"FALSE","FALSE","TRUE","res_partner_supplier_n_16","Contact","TRUE",,,,,,,,,,,
"res_partner_supplier_n_209","K. Wipavii, K.Kitti",,,,,"FALSE","FALSE","TRUE","res_partner_supplier_n_18","Contact","TRUE",,,,,,,,,,,
"res_partner_supplier_n_210","K.Suphaporn",,,,,"FALSE","FALSE","TRUE","res_partner_supplier_n_20","Contact","TRUE",,,,,,,,,,,
"res_partner_supplier_n_211","คุณกาญชนก",,,,,"FALSE","FALSE","TRUE","res_partner_supplier_n_22","Contact","TRUE",,,,,,,,,,,
"res_partner_supplier_n_212","คุณกาญชนก",,,,,"FALSE","FALSE","TRUE","res_partner_supplier_n_23","Contact","TRUE",,,,,,,,,,,
"res_partner_supplier_n_213","K.Wipanee",,,,,"FALSE","FALSE","TRUE","res_partner_supplier_n_29","Contact","TRUE",,,,,,,,,,,
"res_partner_supplier_n_214","K.Santi",,,,,"FALSE","FALSE","TRUE","res_partner_supplier_n_42","Contact","TRUE",,,,,,,,,,,
"res_partner_supplier_n_215","Lisa Harvey",,,,,"FALSE","FALSE","TRUE","res_partner_supplier_n_46","Contact","TRUE",,,,,,,,,,,
"res_partner_supplier_n_216","Mr Burkhard Sclarbaum",,,,,"FALSE","FALSE","TRUE","res_partner_supplier_n_48","Contact","TRUE",,,,,,,,,,,
"res_partner_supplier_n_217","K.Montri",,,,,"FALSE","FALSE","TRUE","res_partner_supplier_n_52","Contact","TRUE",,,,,,,,,,,
"res_partner_supplier_n_218","Mr.Watcharapong Chuengsomprasong",,,,,"FALSE","FALSE","TRUE","res_partner_supplier_n_53","Contact","TRUE",,,,,,,,,,,
"res_partner_supplier_n_219","คุณธัญณิชา ตู้อนันต",,,,,"FALSE","FALSE","TRUE","res_partner_supplier_n_57","Contact","TRUE",,,,,,,,,,,
"res_partner_supplier_n_220","K.วันนภา",,,,,"FALSE","FALSE","TRUE","res_partner_supplier_n_58","Contact","TRUE",,,,,,,,,,,
"res_partner_supplier_n_221","Khun Smakorn, Khun Kanlaya",,,,,"FALSE","FALSE","TRUE","res_partner_supplier_n_64","Contact","TRUE",,,,,,,,,,,
"res_partner_supplier_n_222","K.Ekapol",,,,,"FALSE","FALSE","TRUE","res_partner_supplier_n_65","Contact","TRUE",,,,,,,,,,,
"res_partner_supplier_n_223","K.Borvorn",,,,,"FALSE","FALSE","TRUE","res_partner_supplier_n_71","Contact","TRUE",,,,,,,,,,,
"res_partner_supplier_n_224","K.ธัญญานันท์",,,,,"FALSE","FALSE","TRUE","res_partner_supplier_n_76","Contact","TRUE",,,,,,,,,,,
"res_partner_supplier_n_225","K.Paweena",,,,,"FALSE","FALSE","TRUE","res_partner_supplier_n_77","Contact","TRUE",,,,,,,,,,,
"res_partner_supplier_n_226","คุณขวัญชัย",,,,,"FALSE","FALSE","TRUE","res_partner_supplier_n_78","Contact","TRUE",,,,,,,,,,,
"res_partner_supplier_n_227","K.Kanlaya",,,,,"FALSE","FALSE","TRUE","res_partner_supplier_n_82","Contact","TRUE",,,,,,,,,,,
"res_partner_supplier_n_228","คุณนพดล",,,,,"FALSE","FALSE","TRUE","res_partner_supplier_n_83","Contact","TRUE",,,,,,,,,,,
"res_partner_supplier_n_229","คุณพงศ์พิพัฒน์",,,,,"FALSE","FALSE","TRUE","res_partner_supplier_n_84","Contact","TRUE",,,,,,,,,,,
"res_partner_supplier_n_230","คุณวีระ",,,,,"FALSE","FALSE","TRUE","res_partner_supplier_n_89","Contact","TRUE",,,,,,,,,,,
"res_partner_supplier_n_231","K.Anong",,,,,"FALSE","FALSE","TRUE","res_partner_supplier_n_91","Contact","TRUE",,,,,,,,,,,
"res_partner_supplier_n_232","K.Numphol",,,,,"FALSE","FALSE","TRUE","res_partner_supplier_n_92","Contact","TRUE",,,,,,,,,,,
"res_partner_supplier_n_233","K.พีรพล",,,,,"FALSE","FALSE","TRUE","res_partner_supplier_n_97","Contact","TRUE",,,,,,,,,,,
"res_partner_supplier_n_234","คุณสำเนียง",,,,,"FALSE","FALSE","TRUE","res_partner_supplier_n_99","Contact","TRUE",,,,,,,,,,,
"res_partner_supplier_n_235","คุณพรทิพย์",,,,,"FALSE","FALSE","TRUE","res_partner_supplier_n_105","Contact","TRUE",,,,,,,,,,,
"res_partner_supplier_n_236","คุณนราทิตย์",,,,,"FALSE","FALSE","TRUE","res_partner_supplier_n_106","Contact","TRUE",,,,,,,,,,,
"res_partner_supplier_n_237","คุณยุพา",,,,,"FALSE","FALSE","TRUE","res_partner_supplier_n_120","Contact","TRUE",,,,,,,,,,,
"res_partner_supplier_n_238","คุณเปิ้ล",,,,,"FALSE","FALSE","TRUE","res_partner_supplier_n_124","Contact","TRUE",,,,,,,,,,,
"res_partner_supplier_n_239","คุณวาสนา/คุณกุ ้ง",,,,,"FALSE","FALSE","TRUE","res_partner_supplier_n_131","Contact","TRUE",,,,,,,,,,,
"res_partner_supplier_n_240","คุณจุ๋ม",,,,,"FALSE","FALSE","TRUE","res_partner_supplier_n_136","Contact","TRUE",,,,,,,,,,,
"res_partner_supplier_n_241","คุณจิตราวดี",,,,,"FALSE","FALSE","TRUE","res_partner_supplier_n_140","Contact","TRUE",,,,,,,,,,,
"res_partner_supplier_n_242","คุณประดิษฐ์",,,,,"FALSE","FALSE","TRUE","res_partner_supplier_n_144","Contact","TRUE",,,,,,,,,,,
"res_partner_supplier_n_243","คุณประพีร์",,,,,"FALSE","FALSE","TRUE","res_partner_supplier_n_151","Contact","TRUE",,,,,,,,,,,
"res_partner_supplier_n_244","คุณลัดดา",,,,,"FALSE","FALSE","TRUE","res_partner_supplier_n_157","Contact","TRUE",,,,,,,,,,,
"res_partner_supplier_n_245","K.Arisara P.",,,,,"FALSE","FALSE","TRUE","res_partner_supplier_n_165","Contact","TRUE",,,,,,,,,,,
"res_partner_supplier_n_246","คุณประโยชน์",,,,,"FALSE","FALSE","TRUE","res_partner_supplier_n_188","Contact","TRUE",,,,,,,,,,,
"res_partner_supplier_n_247","คุณเล็ก",,,,,"FALSE","FALSE","TRUE","res_partner_supplier_n_200","Contact","TRUE",,,,,,,,,,,
